起始atom_id,结束atom_id,起始atom_name,结束atom_name,vector_x,vector_y,vector_z,向量模长,is_backbone_vector,is_mixed_vector
1,2,O5',C5',1.0110000000000001,-1.0169999999999995,0.09499999999999997,1.4371621342075496,True,False
1,3,O5',C4',2.183,-0.8249999999999993,-0.8630000000000001,2.4881485084295107,True,False
1,4,O5',O4',1.790000000000001,-1.1049999999999969,-2.212,3.0525512280713647,True,False
1,5,O5',C3',2.7349999999999994,0.5730000000000004,-0.81,2.9094078435310506,True,False
1,6,O5',O3',4.139000000000001,0.6630000000000003,-1.116,4.3377812300760406,True,False
1,7,O5',C2',1.8130000000000006,1.184000000000001,-1.792,2.810709696855939,True,False
1,8,O5',C1',1.5969999999999995,0.13800000000000168,-2.877,3.293414945007689,True,False
1,9,O5',N9,0.21499999999999986,0.11500000000000199,-3.382,3.3907777868801725,False,True
1,10,O5',C8,-0.9209999999999994,0.2700000000000031,-2.668,2.8353773999240386,False,True
1,11,O5',N7,-2.0469999999999997,0.17900000000000205,-3.396,3.969265171288005,False,True
1,12,O5',C5,-1.577,-0.046999999999997044,-4.647,4.9075194345004896,False,True
1,13,O5',C6,-2.231,-0.2339999999999982,-5.864,6.2784244042593995,False,True
1,14,O5',N6,-3.5549999999999997,-0.21699999999999875,-5.9399999999999995,6.925944989674694,False,True
1,15,O5',N1,-1.4809999999999999,-0.4399999999999977,-6.96,7.129415193408223,False,True
1,16,O5',C2,-0.15200000000000014,-0.4559999999999995,-6.832,6.848887792919373,False,True
1,17,O5',N3,0.577,-0.29299999999999926,-5.74,5.776363735084556,False,True
1,18,O5',C4,-0.20899999999999963,-0.08899999999999864,-4.667,4.672525120317706,False,True
1,31,O5',P,4.7829999999999995,2.0740000000000016,-1.5670000000000002,5.443716928716996,True,False
2,3,C5',C4',1.1719999999999997,0.19200000000000017,-0.9580000000000001,1.5258479609712101,True,False
2,4,C5',O4',0.7790000000000008,-0.08799999999999741,-2.307,2.4365619220532855,True,False
2,5,C5',C3',1.7239999999999993,1.5899999999999999,-0.905,2.5138219905156363,True,False
2,6,C5',O3',3.128000000000001,1.6799999999999997,-1.211,3.7514403900368727,True,False
2,7,C5',C2',0.8020000000000005,2.2010000000000005,-1.887,3.00805152881396,True,False
2,8,C5',C1',0.5859999999999994,1.1550000000000011,-2.972,3.2419446324698393,True,False
2,9,C5',N9,-0.7960000000000003,1.1320000000000014,-3.4770000000000003,3.742267895274202,False,True
2,10,C5',C8,-1.9319999999999995,1.2870000000000026,-2.763,3.608761837528213,False,True
2,11,C5',N7,-3.058,1.1960000000000015,-3.491,4.792583958576,False,True
2,12,C5',C5,-2.588,0.9700000000000024,-4.742,5.4886435482731075,False,True
2,13,C5',C6,-3.242,0.7830000000000013,-5.959,6.828860373444459,False,True
2,14,C5',N6,-4.566,0.8000000000000007,-6.035,7.6098344922869385,False,True
2,15,C5',N1,-2.492,0.5770000000000017,-7.055,7.504399909386493,False,True
2,16,C5',C2,-1.1630000000000003,0.5609999999999999,-6.927,7.0463195357576565,False,True
2,17,C5',N3,-0.43400000000000016,0.7240000000000002,-5.835000000000001,5.895740581131433,False,True
2,18,C5',C4,-1.2199999999999998,0.9280000000000008,-4.7620000000000005,5.002622112452629,False,True
2,31,C5',P,3.7719999999999994,3.091000000000001,-1.6620000000000001,5.152136353009303,True,False
3,4,C4',O4',-0.3929999999999989,-0.2799999999999976,-1.349,1.4327072275939692,True,False
3,5,C4',C3',0.5519999999999996,1.3979999999999997,0.05300000000000005,1.5039670874058377,True,False
3,6,C4',O3',1.9560000000000013,1.4879999999999995,-0.253,2.470645462222373,True,False
3,7,C4',C2',-0.3699999999999992,2.0090000000000003,-0.9289999999999999,2.2441082861573327,True,False
3,8,C4',C1',-0.5860000000000003,0.963000000000001,-2.014,2.3080210137691557,True,False
3,9,C4',N9,-1.968,0.9400000000000013,-2.519,3.3319641354612455,False,True
3,10,C4',C8,-3.103999999999999,1.0950000000000024,-1.805,3.753913424680969,False,True
3,11,C4',N7,-4.2299999999999995,1.0040000000000013,-2.533,5.031600639955441,False,True
3,12,C4',C5,-3.76,0.7780000000000022,-3.784,5.390875624608678,False,True
3,13,C4',C6,-4.414,0.5910000000000011,-5.001,6.696467576267357,False,True
3,14,C4',N6,-5.7379999999999995,0.6080000000000005,-5.077,7.685716427243461,False,True
3,15,C4',N1,-3.6639999999999997,0.38500000000000156,-6.097,7.123659873969279,False,True
3,16,C4',C2,-2.335,0.3689999999999998,-5.969,6.420073753470438,False,True
3,17,C4',N3,-1.6059999999999999,0.532,-4.877000000000001,5.16211090543394,False,True
3,18,C4',C4,-2.3919999999999995,0.7360000000000007,-3.804,4.553435625986163,False,True
3,31,C4',P,2.5999999999999996,2.899000000000001,-0.704,3.9572486654239967,True,False
4,5,O4',C3',0.9449999999999985,1.6779999999999973,1.4020000000000001,2.382081652672718,True,False
4,6,O4',O3',2.349,1.7679999999999971,1.096,3.1376489606072875,True,False
4,7,O4',C2',0.022999999999999687,2.288999999999998,0.42,2.327326792695858,True,False
4,8,O4',C1',-0.1930000000000014,1.2429999999999986,-0.6649999999999999,1.422857336488798,True,False
4,9,O4',N9,-1.575000000000001,1.2199999999999989,-1.17,2.31039498787545,False,True
4,10,O4',C8,-2.7110000000000003,1.375,-0.45599999999999996,3.0737732512337343,False,True
4,11,O4',N7,-3.8370000000000006,1.283999999999999,-1.1840000000000002,4.215813207436971,False,True
4,12,O4',C5,-3.367000000000001,1.0579999999999998,-2.435,4.287805732539664,False,True
4,13,O4',C6,-4.021000000000001,0.8709999999999987,-3.652,5.501289485202538,False,True
4,14,O4',N6,-5.345000000000001,0.8879999999999981,-3.7279999999999998,6.57689539220444,False,True
4,15,O4',N1,-3.271000000000001,0.6649999999999991,-4.748,5.803892659241727,False,True
4,16,O4',C2,-1.942000000000001,0.6489999999999974,-4.62,5.053411224113866,False,True
4,17,O4',N3,-1.213000000000001,0.8119999999999976,-3.5280000000000005,3.8180488472516956,False,True
4,18,O4',C4,-1.9990000000000006,1.0159999999999982,-2.455,3.324948420652567,False,True
4,31,O4',P,2.9929999999999986,3.1789999999999985,0.645,4.413628325992118,True,False
5,6,C3',O3',1.4040000000000017,0.08999999999999986,-0.30600000000000005,1.4397749824191295,True,False
5,7,C3',C2',-0.9219999999999988,0.6110000000000007,-0.982,1.479097359878652,True,False
5,8,C3',C1',-1.138,-0.4349999999999987,-2.067,2.399324488267479,True,False
5,9,C3',N9,-2.5199999999999996,-0.4579999999999984,-2.572,3.6297862196002666,False,True
5,10,C3',C8,-3.655999999999999,-0.30299999999999727,-1.858,4.112214610158374,False,True
5,11,C3',N7,-4.781999999999999,-0.39399999999999835,-2.5860000000000003,5.45070234006591,False,True
5,12,C3',C5,-4.311999999999999,-0.6199999999999974,-3.8369999999999997,5.805197068145059,False,True
5,13,C3',C6,-4.965999999999999,-0.8069999999999986,-5.054,7.131291678230529,False,True
5,14,C3',N6,-6.289999999999999,-0.7899999999999991,-5.13,8.155065910218015,False,True
5,15,C3',N1,-4.215999999999999,-1.0129999999999981,-6.15,7.524847174527865,False,True
5,16,C3',C2,-2.8869999999999996,-1.029,-6.022,6.757077326773759,False,True
5,17,C3',N3,-2.1579999999999995,-0.8659999999999997,-4.930000000000001,5.450854978808371,False,True
5,18,C3',C4,-2.943999999999999,-0.661999999999999,-3.857,4.897124564476586,False,True
5,31,C3',P,2.048,1.5010000000000012,-0.757,2.649595063401199,True,False
6,7,O3',C2',-2.3260000000000005,0.5210000000000008,-0.6759999999999999,2.4776385934998677,True,False
6,8,O3',C1',-2.5420000000000016,-0.5249999999999986,-1.761,3.136639921954703,True,False
6,9,O3',N9,-3.9240000000000013,-0.5479999999999983,-2.266,4.56430016541419,False,True
6,10,O3',C8,-5.0600000000000005,-0.39299999999999713,-1.552,5.3072359095860815,False,True
6,11,O3',N7,-6.186000000000001,-0.4839999999999982,-2.2800000000000002,6.610540976349817,False,True
6,12,O3',C5,-5.716000000000001,-0.7099999999999973,-3.5309999999999997,6.756087403223851,False,True
6,13,O3',C6,-6.370000000000001,-0.8969999999999985,-4.748,7.995311938880185,False,True
6,14,O3',N6,-7.694000000000001,-0.879999999999999,-4.824,9.123760847369905,False,True
6,15,O3',N1,-5.620000000000001,-1.102999999999998,-5.844,8.182502367857893,False,True
6,16,O3',C2,-4.291000000000001,-1.1189999999999998,-5.716,7.23446597890957,False,True
6,17,O3',N3,-3.562000000000001,-0.9559999999999995,-4.6240000000000006,5.9146560339549765,False,True
6,18,O3',C4,-4.348000000000001,-0.7519999999999989,-3.551,5.663939353488877,False,True
6,31,O3',P,0.6439999999999984,1.4110000000000014,-0.45099999999999996,1.6152578741488932,True,False
7,8,C2',C1',-0.21600000000000108,-1.0459999999999994,-1.085,1.5224969622301383,True,False
7,9,C2',N9,-1.5980000000000008,-1.068999999999999,-1.59,2.4948877730270755,False,True
7,10,C2',C8,-2.734,-0.9139999999999979,-0.876,3.0128936257358965,False,True
7,11,C2',N7,-3.8600000000000003,-1.004999999999999,-1.604,4.299120956660792,False,True
7,12,C2',C5,-3.3900000000000006,-1.230999999999998,-2.855,4.599835431838839,False,True
7,13,C2',C6,-4.0440000000000005,-1.4179999999999993,-4.072,5.911500993825511,False,True
7,14,C2',N6,-5.368,-1.4009999999999998,-4.148,6.927057744814893,False,True
7,15,C2',N1,-3.2940000000000005,-1.6239999999999988,-5.168,6.3400343847648015,False,True
7,16,C2',C2,-1.9650000000000007,-1.6400000000000006,-5.04,5.652647609748905,False,True
7,17,C2',N3,-1.2360000000000007,-1.4770000000000003,-3.9480000000000004,4.3927131706953055,False,True
7,18,C2',C4,-2.0220000000000002,-1.2729999999999997,-2.875,3.7382667106561565,False,True
7,31,C2',P,2.969999999999999,0.8900000000000006,0.22499999999999998,3.1086371612010293,True,False
8,9,C1',N9,-1.3819999999999997,-0.022999999999999687,-0.5050000000000001,1.471556319003795,False,True
8,10,C1',C8,-2.517999999999999,0.13200000000000145,0.20899999999999996,2.5301045432946037,False,True
8,11,C1',N7,-3.6439999999999992,0.04100000000000037,-0.5190000000000001,3.6810023091543957,False,True
8,12,C1',C5,-3.1739999999999995,-0.18499999999999872,-1.77,3.638873589450449,False,True
8,13,C1',C6,-3.8279999999999994,-0.3719999999999999,-2.987,4.869716316172842,False,True
8,14,C1',N6,-5.151999999999999,-0.3550000000000004,-3.0629999999999997,6.004256656739449,False,True
8,15,C1',N1,-3.0779999999999994,-0.5779999999999994,-4.083,5.145780504452167,False,True
8,16,C1',C2,-1.7489999999999997,-0.5940000000000012,-3.955,4.365072966171356,False,True
8,17,C1',N3,-1.0199999999999996,-0.43100000000000094,-2.8630000000000004,3.0696791363267923,False,True
8,18,C1',C4,-1.8059999999999992,-0.2270000000000003,-1.79,2.552893456452893,False,True
8,31,C1',P,3.186,1.936,1.3099999999999998,3.9515556430347782,True,False
9,10,N9,C8,-1.1359999999999992,0.15500000000000114,0.7140000000000001,1.3506727953135056,False,False
9,11,N9,N7,-2.2619999999999996,0.06400000000000006,-0.014000000000000012,2.262948519078593,False,False
9,12,N9,C5,-1.7919999999999998,-0.16199999999999903,-1.265,2.1994847123815155,False,False
9,13,N9,C6,-2.4459999999999997,-0.3490000000000002,-2.482,3.502148055122741,False,False
9,14,N9,N6,-3.7699999999999996,-0.33200000000000074,-2.558,4.567985113811121,False,False
9,15,N9,N1,-1.6959999999999997,-0.5549999999999997,-3.5780000000000003,3.9983152702106923,False,False
9,16,N9,C2,-0.367,-0.5710000000000015,-3.45,3.5161385069419553,False,False
9,17,N9,N3,0.3620000000000001,-0.40800000000000125,-2.3580000000000005,2.42026279564844,False,False
9,18,N9,C4,-0.4239999999999995,-0.20400000000000063,-1.285,1.3684359685421892,False,False
9,31,N9,P,4.568,1.9589999999999996,1.815,5.291363718362215,False,True
10,11,C8,N7,-1.1260000000000003,-0.09100000000000108,-0.7280000000000001,1.3439274533991785,False,False
10,12,C8,C5,-0.6560000000000006,-0.31700000000000017,-1.979,2.108854191261217,False,False
10,13,C8,C6,-1.3100000000000005,-0.5040000000000013,-3.196,3.4906348992697596,False,False
10,14,C8,N6,-2.6340000000000003,-0.4870000000000019,-3.272,4.228606035090051,False,False
10,15,C8,N1,-0.5600000000000005,-0.7100000000000009,-4.292,4.386224344467574,False,False
10,16,C8,C2,0.7689999999999992,-0.7260000000000026,-4.164,4.296199832410034,False,False
10,17,C8,N3,1.4979999999999993,-0.5630000000000024,-3.0720000000000005,3.463835590786607,False,False
10,18,C8,C4,0.7119999999999997,-0.35900000000000176,-1.999,2.152167744391687,False,False
10,31,C8,P,5.703999999999999,1.8039999999999985,1.101,6.0829460789982335,False,True
11,12,N7,C5,0.46999999999999975,-0.2259999999999991,-1.251,1.355351245987548,False,False
11,13,N7,C6,-0.18400000000000016,-0.41300000000000026,-2.468,2.509073334918691,False,False
11,14,N7,N6,-1.508,-0.3960000000000008,-2.5439999999999996,2.9837587033806874,False,False
11,15,N7,N1,0.5659999999999998,-0.6189999999999998,-3.564,3.661367640650144,False,False
11,16,N7,C2,1.8949999999999996,-0.6350000000000016,-3.436,3.9749649055054563,False,False
11,17,N7,N3,2.6239999999999997,-0.4720000000000013,-2.3440000000000003,3.549999436619674,False,False
11,18,N7,C4,1.838,-0.2680000000000007,-1.271,2.25066856733727,False,False
11,31,N7,P,6.829999999999999,1.8949999999999996,1.829,7.320188931988025,False,True
12,13,C5,C6,-0.6539999999999999,-0.18700000000000117,-1.217,1.3941929565164215,False,False
12,14,C5,N6,-1.9779999999999998,-0.1700000000000017,-1.2929999999999997,2.369226245000675,False,False
12,15,C5,N1,0.09600000000000009,-0.3930000000000007,-2.313,2.348112859297866,False,False
12,16,C5,C2,1.4249999999999998,-0.4090000000000025,-2.185,2.6404793125491444,False,False
12,17,C5,N3,2.154,-0.24600000000000222,-1.0930000000000004,2.4279376021636145,False,False
12,18,C5,C4,1.3680000000000003,-0.04200000000000159,-0.020000000000000018,1.368790707157234,False,False
12,31,C5,P,6.359999999999999,2.1209999999999987,3.08,7.377983532104147,False,True
13,14,C6,N6,-1.3239999999999998,0.01699999999999946,-0.07599999999999962,1.3262884301689433,False,False
13,15,C6,N1,0.75,-0.20599999999999952,-1.096,1.3439315458757564,False,False
13,16,C6,C2,2.0789999999999997,-0.2220000000000013,-0.968,2.304028862666438,False,False
13,17,C6,N3,2.808,-0.05900000000000105,0.12399999999999967,2.8113557227786026,False,False
13,18,C6,C4,2.0220000000000002,0.14499999999999957,1.197,2.354212819606588,False,False
13,31,C6,P,7.013999999999999,2.308,4.297,8.543258687409622,False,True
14,15,N6,N1,2.074,-0.22299999999999898,-1.0200000000000005,2.3219829887404426,False,False
14,16,N6,C2,3.4029999999999996,-0.23900000000000077,-0.8920000000000003,3.5260734535741025,False,False
14,17,N6,N3,4.132,-0.07600000000000051,0.1999999999999993,4.137535498337144,False,False
14,18,N6,C4,3.346,0.1280000000000001,1.2729999999999997,3.582265903028417,False,False
14,31,N6,P,8.338,2.2910000000000004,4.372999999999999,9.689894426669467,False,True
15,16,N1,C2,1.3289999999999997,-0.01600000000000179,0.1280000000000001,1.335245670279443,False,False
15,17,N1,N3,2.058,0.14699999999999847,1.2199999999999998,2.39695077129256,False,False
15,18,N1,C4,1.2720000000000002,0.3509999999999991,2.293,2.6455687479254815,False,False
15,31,N1,P,6.263999999999999,2.5139999999999993,5.393,8.639579908768711,False,True
16,17,C2,N3,0.7290000000000001,0.16300000000000026,1.0919999999999996,1.3230547985627803,False,False
16,18,C2,C4,-0.056999999999999496,0.3670000000000009,2.165,2.196625366328997,False,False
16,31,C2,P,4.935,2.530000000000001,5.265,7.64691767969291,False,True
17,18,N3,C4,-0.7859999999999996,0.20400000000000063,1.0730000000000004,1.3456377670086406,False,False
17,31,N3,P,4.2059999999999995,2.367000000000001,4.173,6.380207990340127,False,True
18,31,C4,P,4.991999999999999,2.1630000000000003,3.1,6.261679726718701,False,True
